Width,Height,Roi.X1,Roi.Y1,Roi.X2,Roi.Y2,ClassId,Path
416,364,38,17,370,364,62,Train/62/00062_00000_00000.png
416,364,87,57,325,301,62,Train/62/00062_00000_00001.png
416,364,53,4,394,364,62,Train/62/00062_00000_00002.png
416,364,74,30,370,345,62,Train/62/00062_00000_00003.png
416,364,81,51,332,308,62,Train/62/00062_00000_00004.png
416,364,84,54,329,305,62,Train/62/00062_00000_00005.png
416,364,87,57,325,301,62,Train/62/00062_00000_00006.png
416,364,70,41,342,319,62,Train/62/00062_00000_00007.png
416,364,87,57,325,301,62,Train/62/00062_00000_00008.png
416,364,66,37,416,361,62,Train/62/00062_00000_00009.png
416,364,81,51,332,308,62,Train/62/00062_00000_00010.png
416,364,81,51,332,308,62,Train/62/00062_00000_00011.png
416,364,87,57,325,301,62,Train/62/00062_00000_00012.png
416,364,87,57,326,302,62,Train/62/00062_00000_00013.png
416,364,87,57,325,301,62,Train/62/00062_00000_00014.png
416,364,87,57,325,301,62,Train/62/00062_00000_00015.png
416,364,87,57,325,301,62,Train/62/00062_00000_00016.png
416,364,85,55,328,304,62,Train/62/00062_00000_00017.png
416,364,67,38,345,321,62,Train/62/00062_00000_00018.png
416,364,88,45,359,348,62,Train/62/00062_00000_00019.png
313,298,45,38,287,272,62,Train/62/00062_00001_00000.png
313,298,33,20,285,271,62,Train/62/00062_00001_00001.png
313,298,38,26,279,265,62,Train/62/00062_00001_00002.png
313,298,53,41,263,249,62,Train/62/00062_00001_00003.png
313,298,45,33,271,257,62,Train/62/00062_00001_00004.png
313,298,49,37,267,253,62,Train/62/00062_00001_00005.png
313,298,54,33,289,267,62,Train/62/00062_00001_00006.png
313,298,53,41,263,249,62,Train/62/00062_00001_00007.png
313,298,53,41,263,249,62,Train/62/00062_00001_00008.png
313,298,53,41,263,249,62,Train/62/00062_00001_00009.png
313,298,53,41,263,249,62,Train/62/00062_00001_00010.png
313,298,45,29,279,255,62,Train/62/00062_00001_00011.png
313,298,40,24,283,263,62,Train/62/00062_00001_00012.png
313,298,46,27,269,298,62,Train/62/00062_00001_00013.png
313,298,53,41,263,249,62,Train/62/00062_00001_00014.png
313,298,31,20,283,270,62,Train/62/00062_00001_00015.png
313,298,46,39,275,256,62,Train/62/00062_00001_00016.png
313,298,7,0,302,291,62,Train/62/00062_00001_00017.png
313,298,53,41,263,249,62,Train/62/00062_00001_00018.png
313,298,43,30,313,294,62,Train/62/00062_00001_00019.png
146,137,26,17,110,104,62,Train/62/00062_00002_00000.png
146,137,24,15,113,106,62,Train/62/00062_00002_00001.png
146,137,25,16,111,104,62,Train/62/00062_00002_00002.png
146,137,21,14,113,108,62,Train/62/00062_00002_00003.png
146,137,21,13,114,108,62,Train/62/00062_00002_00004.png
146,137,26,17,110,104,62,Train/62/00062_00002_00005.png
146,137,22,16,128,121,62,Train/62/00062_00002_00006.png
146,137,26,17,110,104,62,Train/62/00062_00002_00007.png
146,137,3,10,127,125,62,Train/62/00062_00002_00008.png
146,137,26,17,110,104,62,Train/62/00062_00002_00009.png
146,137,22,8,121,113,62,Train/62/00062_00002_00010.png
146,137,17,11,116,112,62,Train/62/00062_00002_00011.png
146,137,19,8,120,111,62,Train/62/00062_00002_00012.png
146,137,26,17,110,104,62,Train/62/00062_00002_00013.png
146,137,12,11,119,118,62,Train/62/00062_00002_00014.png
146,137,26,17,110,104,62,Train/62/00062_00002_00015.png
146,137,19,12,115,110,62,Train/62/00062_00002_00016.png
146,137,23,15,112,107,62,Train/62/00062_00002_00017.png
146,137,24,10,140,108,62,Train/62/00062_00002_00018.png
146,137,15,3,124,124,62,Train/62/00062_00002_00019.png
335,319,65,58,272,270,62,Train/62/00062_00003_00000.png
335,319,77,68,262,259,62,Train/62/00062_00003_00001.png
335,319,66,56,275,270,62,Train/62/00062_00003_00002.png
335,319,83,65,269,266,62,Train/62/00062_00003_00003.png
335,319,71,65,271,287,62,Train/62/00062_00003_00004.png
335,319,81,72,258,255,62,Train/62/00062_00003_00005.png
335,319,74,69,275,257,62,Train/62/00062_00003_00006.png
335,319,84,75,256,252,62,Train/62/00062_00003_00007.png
335,319,71,62,269,264,62,Train/62/00062_00003_00008.png
335,319,84,75,255,252,62,Train/62/00062_00003_00009.png
335,319,84,75,255,252,62,Train/62/00062_00003_00010.png
335,319,84,75,255,252,62,Train/62/00062_00003_00011.png
335,319,84,75,255,252,62,Train/62/00062_00003_00012.png
335,319,62,50,299,289,62,Train/62/00062_00003_00013.png
335,319,79,70,260,257,62,Train/62/00062_00003_00014.png
335,319,84,75,255,252,62,Train/62/00062_00003_00015.png
335,319,84,74,256,253,62,Train/62/00062_00003_00016.png
335,319,84,75,255,252,62,Train/62/00062_00003_00017.png
335,319,71,57,274,270,62,Train/62/00062_00003_00018.png
335,319,84,75,255,252,62,Train/62/00062_00003_00019.png
265,295,20,46,237,269,62,Train/62/00062_00004_00000.png
265,295,20,46,237,269,62,Train/62/00062_00004_00001.png
265,295,0,73,2,295,62,Train/62/00062_00004_00002.png
265,295,4,29,256,286,62,Train/62/00062_00004_00002.png
265,295,20,46,237,269,62,Train/62/00062_00004_00003.png
265,295,20,46,237,269,62,Train/62/00062_00004_00004.png
265,295,11,38,243,295,62,Train/62/00062_00004_00005.png
265,295,0,0,5,279,62,Train/62/00062_00004_00006.png
265,295,0,4,265,295,62,Train/62/00062_00004_00006.png
265,295,3,34,238,295,62,Train/62/00062_00004_00007.png
265,295,20,46,237,269,62,Train/62/00062_00004_00008.png
265,295,20,46,237,269,62,Train/62/00062_00004_00009.png
265,295,11,27,255,295,62,Train/62/00062_00004_00010.png
265,295,20,46,237,269,62,Train/62/00062_00004_00011.png
265,295,20,46,237,269,62,Train/62/00062_00004_00012.png
265,295,0,40,265,282,62,Train/62/00062_00004_00013.png
265,295,20,46,237,269,62,Train/62/00062_00004_00014.png
265,295,7,41,265,295,62,Train/62/00062_00004_00015.png
265,295,7,32,253,284,62,Train/62/00062_00004_00016.png
265,295,12,43,251,288,62,Train/62/00062_00004_00017.png
265,295,13,39,256,289,62,Train/62/00062_00004_00018.png
265,295,0,0,4,234,62,Train/62/00062_00004_00019.png
265,295,0,24,256,288,62,Train/62/00062_00004_00019.png
265,295,263,81,265,295,62,Train/62/00062_00004_00019.png
265,295,0,292,198,295,62,Train/62/00062_00004_00019.png
256,241,45,13,234,207,62,Train/62/00062_00005_00000.png
256,241,45,13,234,207,62,Train/62/00062_00005_00001.png
256,241,61,29,221,196,62,Train/62/00062_00005_00002.png
256,241,61,29,221,196,62,Train/62/00062_00005_00003.png
256,241,49,17,231,204,62,Train/62/00062_00005_00004.png
256,241,58,25,224,198,62,Train/62/00062_00005_00005.png
256,241,32,0,251,221,62,Train/62/00062_00005_00006.png
256,241,47,17,256,234,62,Train/62/00062_00005_00007.png
256,241,49,13,238,218,62,Train/62/00062_00005_00008.png
256,241,51,20,233,208,62,Train/62/00062_00005_00009.png
256,241,55,29,245,224,62,Train/62/00062_00005_00010.png
256,241,61,29,221,196,62,Train/62/00062_00005_00011.png
256,241,61,29,221,196,62,Train/62/00062_00005_00012.png
256,241,42,10,236,209,62,Train/62/00062_00005_00013.png
256,241,54,23,229,204,62,Train/62/00062_00005_00014.png
256,241,47,7,249,228,62,Train/62/00062_00005_00015.png
256,241,61,29,221,196,62,Train/62/00062_00005_00016.png
256,241,54,23,229,204,62,Train/62/00062_00005_00017.png
256,241,37,15,256,223,62,Train/62/00062_00005_00018.png
256,241,49,26,256,226,62,Train/62/00062_00005_00019.png
149,156,34,23,105,117,63,Train/63/00063_00000_00000.png
149,156,26,15,117,123,63,Train/63/00063_00000_00001.png
149,156,30,20,108,131,63,Train/63/00063_00000_00002.png
149,156,34,23,105,117,63,Train/63/00063_00000_00003.png
149,156,28,20,109,121,63,Train/63/00063_00000_00004.png
149,156,28,19,113,135,63,Train/63/00063_00000_00005.png
149,156,34,23,105,117,63,Train/63/00063_00000_00006.png
149,156,34,23,105,117,63,Train/63/00063_00000_00007.png
149,156,34,23,105,117,63,Train/63/00063_00000_00008.png
149,156,28,11,128,130,63,Train/63/00063_00000_00009.png
149,156,22,17,114,125,63,Train/63/00063_00000_00010.png
149,156,25,19,111,123,63,Train/63/00063_00000_00011.png
149,156,27,18,117,121,63,Train/63/00063_00000_00012.png
149,156,29,21,108,120,63,Train/63/00063_00000_00013.png
149,156,34,23,105,117,63,Train/63/00063_00000_00014.png
149,156,27,16,115,122,63,Train/63/00063_00000_00015.png
149,156,27,18,112,135,63,Train/63/00063_00000_00016.png
149,156,29,18,112,121,63,Train/63/00063_00000_00017.png
149,156,32,22,107,118,63,Train/63/00063_00000_00018.png
149,156,34,23,105,117,63,Train/63/00063_00000_00019.png
262,250,61,49,205,207,63,Train/63/00063_00001_00000.png
262,250,61,49,205,207,63,Train/63/00063_00001_00001.png
262,250,67,45,225,233,63,Train/63/00063_00001_00002.png
262,250,61,49,205,207,63,Train/63/00063_00001_00003.png
262,250,61,49,205,207,63,Train/63/00063_00001_00004.png
262,250,61,49,205,207,63,Train/63/00063_00001_00005.png
262,250,42,46,242,222,63,Train/63/00063_00001_00006.png
262,250,52,40,215,216,63,Train/63/00063_00001_00007.png
262,250,47,35,221,220,63,Train/63/00063_00001_00008.png
262,250,47,52,228,235,63,Train/63/00063_00001_00009.png
262,250,61,49,205,207,63,Train/63/00063_00001_00010.png
262,250,52,38,262,237,63,Train/63/00063_00001_00011.png
262,250,52,41,213,216,63,Train/63/00063_00001_00012.png
262,250,61,49,205,207,63,Train/63/00063_00001_00013.png
262,250,61,49,205,207,63,Train/63/00063_00001_00014.png
262,250,59,47,207,210,63,Train/63/00063_00001_00015.png
262,250,61,49,205,207,63,Train/63/00063_00001_00016.png
262,250,53,43,212,215,63,Train/63/00063_00001_00017.png
262,250,45,38,230,236,63,Train/63/00063_00001_00018.png
262,250,61,49,205,207,63,Train/63/00063_00001_00019.png
258,259,21,19,245,242,63,Train/63/00063_00002_00000.png
258,259,39,36,228,223,63,Train/63/00063_00002_00001.png
258,259,28,21,256,245,63,Train/63/00063_00002_00002.png
258,259,39,36,228,223,63,Train/63/00063_00002_00003.png
258,259,29,27,237,234,63,Train/63/00063_00002_00004.png
258,259,39,36,228,223,63,Train/63/00063_00002_00005.png
258,259,29,34,241,236,63,Train/63/00063_00002_00006.png
258,259,31,10,258,259,63,Train/63/00063_00002_00007.png
258,259,39,36,228,223,63,Train/63/00063_00002_00008.png
258,259,39,36,228,223,63,Train/63/00063_00002_00009.png
258,259,39,36,228,223,63,Train/63/00063_00002_00010.png
258,259,38,38,252,251,63,Train/63/00063_00002_00011.png
258,259,39,36,228,223,63,Train/63/00063_00002_00012.png
258,259,39,36,228,223,63,Train/63/00063_00002_00013.png
258,259,34,32,251,238,63,Train/63/00063_00002_00014.png
258,259,39,36,228,223,63,Train/63/00063_00002_00015.png
258,259,39,36,228,223,63,Train/63/00063_00002_00016.png
258,259,20,16,246,241,63,Train/63/00063_00002_00017.png
258,259,37,34,229,225,63,Train/63/00063_00002_00018.png
258,259,30,37,249,245,63,Train/63/00063_00002_00019.png
271,262,63,61,199,222,63,Train/63/00063_00003_00000.png
271,262,52,51,214,233,63,Train/63/00063_00003_00001.png
271,262,63,61,199,222,63,Train/63/00063_00003_00002.png
271,262,53,54,206,228,63,Train/63/00063_00003_00003.png
271,262,56,62,209,242,63,Train/63/00063_00003_00004.png
271,262,63,61,199,222,63,Train/63/00063_00003_00005.png
271,262,63,61,199,222,63,Train/63/00063_00003_00006.png
271,262,15,43,245,262,63,Train/63/00063_00003_00007.png
271,262,50,44,219,238,63,Train/63/00063_00003_00008.png
271,262,54,53,210,231,63,Train/63/00063_00003_00009.png
271,262,50,49,216,235,63,Train/63/00063_00003_00010.png
271,262,49,45,208,262,63,Train/63/00063_00003_00011.png
271,262,63,61,199,222,63,Train/63/00063_00003_00012.png
271,262,63,61,199,222,63,Train/63/00063_00003_00013.png
271,262,58,57,206,227,63,Train/63/00063_00003_00014.png
271,262,60,59,201,224,63,Train/63/00063_00003_00015.png
271,262,59,58,202,224,63,Train/63/00063_00003_00016.png
271,262,63,61,199,222,63,Train/63/00063_00003_00017.png
271,262,59,52,235,262,63,Train/63/00063_00003_00018.png
271,262,45,48,212,233,63,Train/63/00063_00003_00019.png
202,180,34,11,202,180,63,Train/63/00063_00004_00000.png
202,180,28,17,184,176,63,Train/63/00063_00004_00001.png
202,180,32,16,184,171,63,Train/63/00063_00004_00002.png
202,180,43,29,171,160,63,Train/63/00063_00004_00003.png
202,180,43,29,171,160,63,Train/63/00063_00004_00004.png
202,180,26,18,177,173,63,Train/63/00063_00004_00005.png
202,180,43,29,171,160,63,Train/63/00063_00004_00006.png
202,180,43,24,189,180,63,Train/63/00063_00004_00007.png
202,180,33,17,183,170,63,Train/63/00063_00004_00008.png
202,180,43,29,171,160,63,Train/63/00063_00004_00009.png
202,180,30,19,182,173,63,Train/63/00063_00004_00010.png
202,180,43,29,171,160,63,Train/63/00063_00004_00011.png
202,180,35,19,181,168,63,Train/63/00063_00004_00012.png
202,180,36,20,180,168,63,Train/63/00063_00004_00013.png
202,180,18,12,202,180,63,Train/63/00063_00004_00014.png
202,180,39,24,202,180,63,Train/63/00063_00004_00015.png
202,180,36,21,179,167,63,Train/63/00063_00004_00016.png
202,180,43,29,171,160,63,Train/63/00063_00004_00017.png
202,180,43,29,171,160,63,Train/63/00063_00004_00018.png
202,180,42,27,173,162,63,Train/63/00063_00004_00019.png
180,182,31,30,152,149,63,Train/63/00063_00005_00000.png
180,182,20,19,180,167,63,Train/63/00063_00005_00001.png
180,182,24,22,159,156,63,Train/63/00063_00005_00002.png
180,182,26,25,157,155,63,Train/63/00063_00005_00003.png
180,182,31,30,152,149,63,Train/63/00063_00005_00004.png
180,182,27,26,156,154,63,Train/63/00063_00005_00005.png
180,182,31,30,152,149,63,Train/63/00063_00005_00006.png
180,182,31,30,152,149,63,Train/63/00063_00005_00007.png
180,182,28,23,180,170,63,Train/63/00063_00005_00008.png
180,182,9,16,180,182,63,Train/63/00063_00005_00009.png
180,182,22,21,161,159,63,Train/63/00063_00005_00010.png
180,182,29,27,154,152,63,Train/63/00063_00005_00011.png
180,182,31,30,152,149,63,Train/63/00063_00005_00012.png
180,182,31,29,152,150,63,Train/63/00063_00005_00013.png
180,182,31,30,152,149,63,Train/63/00063_00005_00014.png
180,182,31,30,152,149,63,Train/63/00063_00005_00015.png
180,182,30,29,152,150,63,Train/63/00063_00005_00016.png
180,182,28,23,177,170,63,Train/63/00063_00005_00017.png
180,182,27,21,166,164,63,Train/63/00063_00005_00018.png
180,182,23,19,169,151,63,Train/63/00063_00005_00019.png
179,188,21,29,149,168,63,Train/63/00063_00006_00000.png
179,188,21,29,149,168,63,Train/63/00063_00006_00001.png
179,188,13,21,157,175,63,Train/63/00063_00006_00002.png
179,188,18,28,163,182,63,Train/63/00063_00006_00003.png
179,188,21,29,149,168,63,Train/63/00063_00006_00004.png
179,188,8,16,161,178,63,Train/63/00063_00006_00005.png
179,188,21,29,149,168,63,Train/63/00063_00006_00006.png
179,188,19,30,175,188,63,Train/63/00063_00006_00007.png
179,188,21,29,149,168,63,Train/63/00063_00006_00008.png
179,188,5,13,171,188,63,Train/63/00063_00006_00009.png
179,188,15,23,155,173,63,Train/63/00063_00006_00010.png
179,188,21,29,149,168,63,Train/63/00063_00006_00011.png
179,188,21,29,149,168,63,Train/63/00063_00006_00012.png
179,188,19,20,170,188,63,Train/63/00063_00006_00013.png
179,188,5,27,158,181,63,Train/63/00063_00006_00014.png
179,188,13,18,168,183,63,Train/63/00063_00006_00015.png
179,188,1,5,179,188,63,Train/63/00063_00006_00016.png
179,188,5,14,163,180,63,Train/63/00063_00006_00017.png
179,188,0,187,120,188,63,Train/63/00063_00006_00017.png
179,188,8,16,165,182,63,Train/63/00063_00006_00018.png
179,188,6,15,163,180,63,Train/63/00063_00006_00019.png
131,114,23,17,96,90,63,Train/63/00063_00007_00000.png
131,114,23,17,96,90,63,Train/63/00063_00007_00001.png
131,114,18,15,102,111,63,Train/63/00063_00007_00002.png
131,114,20,13,100,93,63,Train/63/00063_00007_00003.png
131,114,23,17,96,90,63,Train/63/00063_00007_00004.png
131,114,18,15,100,91,63,Train/63/00063_00007_00005.png
131,114,23,17,96,90,63,Train/63/00063_00007_00006.png
131,114,16,11,102,98,63,Train/63/00063_00007_00007.png
131,114,21,14,99,92,63,Train/63/00063_00007_00008.png
131,114,23,17,96,90,63,Train/63/00063_00007_00009.png
131,114,23,17,96,90,63,Train/63/00063_00007_00010.png
131,114,23,17,96,90,63,Train/63/00063_00007_00011.png
131,114,3,13,100,103,63,Train/63/00063_00007_00012.png
131,114,23,17,96,90,63,Train/63/00063_00007_00013.png
131,114,15,5,111,104,63,Train/63/00063_00007_00014.png
131,114,18,12,97,96,63,Train/63/00063_00007_00015.png
131,114,23,17,96,90,63,Train/63/00063_00007_00016.png
131,114,20,10,111,114,63,Train/63/00063_00007_00017.png
131,114,20,14,99,93,63,Train/63/00063_00007_00018.png
131,114,18,16,101,100,63,Train/63/00063_00007_00019.png
162,141,29,7,131,135,63,Train/63/00063_00008_00000.png
162,141,29,7,131,135,63,Train/63/00063_00008_00001.png
162,141,25,3,135,138,63,Train/63/00063_00008_00002.png
162,141,29,7,131,135,63,Train/63/00063_00008_00003.png
162,141,29,7,131,135,63,Train/63/00063_00008_00004.png
162,141,28,0,145,141,63,Train/63/00063_00008_00005.png
162,141,24,0,142,141,63,Train/63/00063_00008_00006.png
162,141,29,7,131,135,63,Train/63/00063_00008_00007.png
162,141,0,0,118,2,63,Train/63/00063_00008_00008.png
162,141,19,0,140,141,63,Train/63/00063_00008_00008.png
162,141,42,137,162,141,63,Train/63/00063_00008_00008.png
162,141,23,2,136,139,63,Train/63/00063_00008_00009.png
162,141,29,7,131,135,63,Train/63/00063_00008_00010.png
162,141,29,7,131,135,63,Train/63/00063_00008_00011.png
162,141,29,7,131,135,63,Train/63/00063_00008_00012.png
162,141,0,0,115,3,63,Train/63/00063_00008_00013.png
162,141,18,0,142,141,63,Train/63/00063_00008_00013.png
162,141,44,136,162,141,63,Train/63/00063_00008_00013.png
162,141,29,7,131,135,63,Train/63/00063_00008_00014.png
162,141,0,0,117,2,63,Train/63/00063_00008_00015.png
162,141,19,0,141,141,63,Train/63/00063_00008_00015.png
162,141,43,137,162,141,63,Train/63/00063_00008_00015.png
162,141,13,5,151,141,63,Train/63/00063_00008_00016.png
162,141,29,7,131,135,63,Train/63/00063_00008_00017.png
162,141,0,0,118,1,63,Train/63/00063_00008_00018.png
162,141,20,0,140,141,63,Train/63/00063_00008_00018.png
162,141,41,138,161,141,63,Train/63/00063_00008_00018.png
162,141,21,1,138,140,63,Train/63/00063_00008_00019.png
162,141,4,140,121,141,63,Train/63/00063_00008_00019.png
228,217,37,32,181,182,63,Train/63/00063_00009_00000.png
228,217,23,24,228,198,63,Train/63/00063_00009_00001.png
228,217,37,32,181,182,63,Train/63/00063_00009_00002.png
228,217,19,19,212,205,63,Train/63/00063_00009_00003.png
228,217,34,30,184,184,63,Train/63/00063_00009_00004.png
228,217,37,32,181,182,63,Train/63/00063_00009_00005.png
228,217,30,23,192,200,63,Train/63/00063_00009_00006.png
228,217,26,23,192,193,63,Train/63/00063_00009_00007.png
228,217,30,27,187,188,63,Train/63/00063_00009_00008.png
228,217,37,32,181,182,63,Train/63/00063_00009_00009.png
228,217,37,32,181,182,63,Train/63/00063_00009_00010.png
228,217,37,32,181,182,63,Train/63/00063_00009_00011.png
228,217,11,11,212,217,63,Train/63/00063_00009_00012.png
228,217,25,26,196,194,63,Train/63/00063_00009_00013.png
228,217,25,10,195,215,63,Train/63/00063_00009_00014.png
228,217,20,33,207,213,63,Train/63/00063_00009_00015.png
228,217,37,32,181,182,63,Train/63/00063_00009_00016.png
228,217,27,17,210,211,63,Train/63/00063_00009_00017.png
228,217,32,28,186,187,63,Train/63/00063_00009_00018.png
228,217,28,25,189,191,63,Train/63/00063_00009_00019.png
231,222,19,29,172,210,63,Train/63/00063_00010_00000.png
231,222,24,33,168,207,63,Train/63/00063_00010_00001.png
231,222,0,14,202,222,63,Train/63/00063_00010_00002.png
231,222,8,23,209,222,63,Train/63/00063_00010_00003.png
231,222,0,7,213,217,63,Train/63/00063_00010_00004.png
231,222,0,218,133,222,63,Train/63/00063_00010_00004.png
231,222,28,37,166,206,63,Train/63/00063_00010_00005.png
231,222,29,38,164,205,63,Train/63/00063_00010_00006.png
231,222,16,28,186,220,63,Train/63/00063_00010_00007.png
231,222,28,22,186,222,63,Train/63/00063_00010_00008.png
231,222,20,32,176,215,63,Train/63/00063_00010_00009.png
231,222,16,30,183,221,63,Train/63/00063_00010_00010.png
231,222,29,38,164,205,63,Train/63/00063_00010_00011.png
231,222,13,24,177,212,63,Train/63/00063_00010_00012.png
231,222,0,220,140,222,63,Train/63/00063_00010_00012.png
231,222,29,38,164,205,63,Train/63/00063_00010_00013.png
231,222,17,30,182,220,63,Train/63/00063_00010_00014.png
231,222,24,37,189,218,63,Train/63/00063_00010_00015.png
231,222,23,32,169,208,63,Train/63/00063_00010_00016.png
231,222,29,38,164,205,63,Train/63/00063_00010_00017.png
231,222,19,29,172,210,63,Train/63/00063_00010_00018.png
231,222,29,38,164,205,63,Train/63/00063_00010_00019.png
140,126,19,18,115,105,64,Train/64/00064_00000_00000.png
140,126,19,18,115,105,64,Train/64/00064_00000_00001.png
140,126,0,7,136,126,64,Train/64/00064_00000_00002.png
140,126,18,17,116,106,64,Train/64/00064_00000_00003.png
140,126,6,15,133,114,64,Train/64/00064_00000_00004.png
140,126,15,14,119,110,64,Train/64/00064_00000_00005.png
140,126,21,20,113,103,64,Train/64/00064_00000_00006.png
140,126,19,18,115,105,64,Train/64/00064_00000_00007.png
140,126,21,20,113,103,64,Train/64/00064_00000_00008.png
140,126,15,15,122,112,64,Train/64/00064_00000_00009.png
140,126,21,20,113,103,64,Train/64/00064_00000_00010.png
140,126,20,19,114,104,64,Train/64/00064_00000_00011.png
140,126,21,20,113,103,64,Train/64/00064_00000_00012.png
140,126,21,20,113,103,64,Train/64/00064_00000_00013.png
140,126,12,9,123,113,64,Train/64/00064_00000_00014.png
140,126,20,19,119,112,64,Train/64/00064_00000_00015.png
140,126,21,20,113,103,64,Train/64/00064_00000_00016.png
140,126,21,20,113,103,64,Train/64/00064_00000_00017.png
140,126,17,17,121,112,64,Train/64/00064_00000_00018.png
140,126,12,9,123,113,64,Train/64/00064_00000_00019.png
183,164,4,9,178,157,64,Train/64/00064_00001_00000.png
183,164,9,10,179,164,64,Train/64/00064_00001_00001.png
183,164,0,4,183,164,64,Train/64/00064_00001_00002.png
183,164,0,0,143,6,64,Train/64/00064_00001_00003.png
183,164,0,36,2,164,64,Train/64/00064_00001_00003.png
183,164,1,0,178,164,64,Train/64/00064_00001_00003.png
183,164,182,0,183,124,64,Train/64/00064_00001_00003.png
183,164,37,160,183,164,64,Train/64/00064_00001_00003.png
183,164,14,12,165,149,64,Train/64/00064_00001_00004.png
183,164,14,12,165,149,64,Train/64/00064_00001_00005.png
183,164,14,12,165,149,64,Train/64/00064_00001_00006.png
183,164,0,0,183,164,64,Train/64/00064_00001_00007.png
183,164,14,12,165,149,64,Train/64/00064_00001_00008.png
183,164,0,0,142,7,64,Train/64/00064_00001_00009.png
183,164,0,37,3,164,64,Train/64/00064_00001_00009.png
183,164,0,0,178,164,64,Train/64/00064_00001_00009.png
183,164,182,0,183,123,64,Train/64/00064_00001_00009.png
183,164,37,159,183,164,64,Train/64/00064_00001_00009.png
183,164,0,0,139,10,64,Train/64/00064_00001_00010.png
183,164,0,41,6,164,64,Train/64/00064_00001_00010.png
183,164,0,0,180,164,64,Train/64/00064_00001_00010.png
183,164,178,0,183,119,64,Train/64/00064_00001_00010.png
183,164,41,156,183,164,64,Train/64/00064_00001_00010.png
183,164,0,0,183,164,64,Train/64/00064_00001_00011.png
183,164,14,12,165,149,64,Train/64/00064_00001_00012.png
183,164,4,0,177,164,64,Train/64/00064_00001_00013.png
183,164,0,0,153,3,64,Train/64/00064_00001_00014.png
183,164,0,27,6,164,64,Train/64/00064_00001_00014.png
183,164,0,0,183,164,64,Train/64/00064_00001_00014.png
183,164,12,9,168,151,64,Train/64/00064_00001_00015.png
183,164,14,12,165,149,64,Train/64/00064_00001_00016.png
183,164,0,4,182,164,64,Train/64/00064_00001_00017.png
183,164,0,0,145,5,64,Train/64/00064_00001_00018.png
183,164,0,35,1,164,64,Train/64/00064_00001_00018.png
183,164,1,0,177,163,64,Train/64/00064_00001_00018.png
183,164,35,161,183,164,64,Train/64/00064_00001_00018.png
183,164,14,12,165,149,64,Train/64/00064_00001_00019.png
101,104,15,15,89,79,64,Train/64/00064_00002_00000.png
101,104,15,14,90,80,64,Train/64/00064_00002_00001.png
101,104,10,9,93,84,64,Train/64/00064_00002_00002.png
101,104,4,0,101,88,64,Train/64/00064_00002_00003.png
101,104,15,15,89,79,64,Train/64/00064_00002_00004.png
101,104,11,11,101,87,64,Train/64/00064_00002_00005.png
101,104,15,14,90,80,64,Train/64/00064_00002_00006.png
101,104,8,4,101,92,64,Train/64/00064_00002_00007.png
101,104,15,15,89,79,64,Train/64/00064_00002_00008.png
101,104,15,15,89,79,64,Train/64/00064_00002_00009.png
101,104,15,15,89,79,64,Train/64/00064_00002_00010.png
101,104,9,8,94,85,64,Train/64/00064_00002_00011.png
101,104,15,14,89,79,64,Train/64/00064_00002_00012.png
101,104,15,15,89,79,64,Train/64/00064_00002_00013.png
101,104,15,15,89,79,64,Train/64/00064_00002_00014.png
101,104,1,2,101,91,64,Train/64/00064_00002_00015.png
101,104,13,15,99,82,64,Train/64/00064_00002_00016.png
101,104,15,15,89,79,64,Train/64/00064_00002_00017.png
101,104,6,5,101,91,64,Train/64/00064_00002_00018.png
101,104,13,11,93,83,64,Train/64/00064_00002_00019.png
138,150,2,0,138,142,64,Train/64/00064_00003_00000.png
138,150,136,0,138,106,64,Train/64/00064_00003_00000.png
138,150,18,13,130,118,64,Train/64/00064_00003_00001.png
138,150,5,0,138,135,64,Train/64/00064_00003_00002.png
138,150,0,0,107,0,64,Train/64/00064_00003_00003.png
138,150,5,0,138,129,64,Train/64/00064_00003_00003.png
138,150,129,0,138,99,64,Train/64/00064_00003_00003.png
138,150,8,0,138,145,64,Train/64/00064_00003_00004.png
138,150,7,2,137,127,64,Train/64/00064_00003_00005.png
138,150,132,0,138,102,64,Train/64/00064_00003_00005.png
138,150,18,13,130,118,64,Train/64/00064_00003_00006.png
138,150,18,13,130,118,64,Train/64/00064_00003_00007.png
138,150,8,3,137,127,64,Train/64/00064_00003_00008.png
138,150,133,0,138,103,64,Train/64/00064_00003_00008.png
138,150,15,9,134,123,64,Train/64/00064_00003_00009.png
138,150,10,5,135,125,64,Train/64/00064_00003_00010.png
138,150,136,0,138,107,64,Train/64/00064_00003_00010.png
138,150,18,13,130,118,64,Train/64/00064_00003_00011.png
138,150,13,6,138,128,64,Train/64/00064_00003_00012.png
138,150,15,10,134,122,64,Train/64/00064_00003_00013.png
138,150,11,5,138,148,64,Train/64/00064_00003_00014.png
138,150,6,1,138,128,64,Train/64/00064_00003_00015.png
138,150,130,0,138,100,64,Train/64/00064_00003_00015.png
138,150,18,13,130,118,64,Train/64/00064_00003_00016.png
138,150,17,11,132,120,64,Train/64/00064_00003_00017.png
138,150,3,0,138,136,64,Train/64/00064_00003_00018.png
138,150,13,10,138,125,64,Train/64/00064_00003_00019.png
201,191,14,20,178,166,64,Train/64/00064_00004_00000.png
201,191,0,0,201,190,64,Train/64/00064_00004_00001.png
201,191,9,15,183,171,64,Train/64/00064_00004_00002.png
201,191,9,14,183,171,64,Train/64/00064_00004_00003.png
201,191,2,11,188,181,64,Train/64/00064_00004_00004.png
201,191,0,0,201,191,64,Train/64/00064_00004_00005.png
201,191,14,20,178,166,64,Train/64/00064_00004_00006.png
201,191,0,19,198,170,64,Train/64/00064_00004_00007.png
201,191,4,10,187,177,64,Train/64/00064_00004_00008.png
201,191,0,0,4,140,64,Train/64/00064_00004_00009.png
201,191,1,3,192,181,64,Train/64/00064_00004_00009.png
201,191,3,2,199,188,64,Train/64/00064_00004_00010.png
201,191,5,10,187,175,64,Train/64/00064_00004_00011.png
201,191,0,41,0,191,64,Train/64/00064_00004_00012.png
201,191,2,7,189,180,64,Train/64/00064_00004_00012.png
201,191,11,19,194,168,64,Train/64/00064_00004_00013.png
201,191,2,8,189,179,64,Train/64/00064_00004_00014.png
201,191,3,9,188,178,64,Train/64/00064_00004_00015.png
201,191,0,0,146,5,64,Train/64/00064_00004_00016.png
201,191,0,52,8,191,64,Train/64/00064_00004_00016.png
201,191,0,2,194,186,64,Train/64/00064_00004_00016.png
201,191,200,0,201,132,64,Train/64/00064_00004_00016.png
201,191,14,20,178,166,64,Train/64/00064_00004_00017.png
201,191,14,20,178,166,64,Train/64/00064_00004_00018.png
201,191,14,20,178,166,64,Train/64/00064_00004_00019.png
274,240,37,36,225,217,65,Train/65/00065_00000_00000.png
274,240,53,53,213,203,65,Train/65/00065_00000_00001.png
274,240,53,53,213,203,65,Train/65/00065_00000_00002.png
274,240,30,10,260,240,65,Train/65/00065_00000_00003.png
274,240,48,48,218,208,65,Train/65/00065_00000_00004.png
274,240,53,53,213,203,65,Train/65/00065_00000_00005.png
274,240,53,53,213,203,65,Train/65/00065_00000_00006.png
274,240,50,49,216,206,65,Train/65/00065_00000_00007.png
274,240,41,49,215,220,65,Train/65/00065_00000_00008.png
274,240,53,53,213,203,65,Train/65/00065_00000_00009.png
274,240,53,53,213,203,65,Train/65/00065_00000_00010.png
274,240,53,53,213,203,65,Train/65/00065_00000_00011.png
274,240,44,42,225,215,65,Train/65/00065_00000_00012.png
274,240,46,45,221,211,65,Train/65/00065_00000_00013.png
274,240,53,53,213,203,65,Train/65/00065_00000_00014.png
274,240,52,52,214,204,65,Train/65/00065_00000_00015.png
274,240,53,53,213,203,65,Train/65/00065_00000_00016.png
274,240,36,35,226,218,65,Train/65/00065_00000_00017.png
274,240,51,44,228,215,65,Train/65/00065_00000_00018.png
274,240,42,46,248,240,65,Train/65/00065_00000_00019.png
126,125,10,9,118,117,65,Train/65/00065_00001_00000.png
126,125,15,14,113,112,65,Train/65/00065_00001_00001.png
126,125,15,14,113,112,65,Train/65/00065_00001_00002.png
126,125,15,14,113,112,65,Train/65/00065_00001_00003.png
126,125,15,14,113,112,65,Train/65/00065_00001_00004.png
126,125,7,5,121,120,65,Train/65/00065_00001_00005.png
126,125,9,13,122,121,65,Train/65/00065_00001_00006.png
126,125,2,10,117,118,65,Train/65/00065_00001_00007.png
126,125,7,7,120,120,65,Train/65/00065_00001_00008.png
126,125,4,11,126,118,65,Train/65/00065_00001_00009.png
126,125,7,7,126,125,65,Train/65/00065_00001_00010.png
126,125,0,0,126,125,65,Train/65/00065_00001_00011.png
126,125,15,14,113,112,65,Train/65/00065_00001_00012.png
126,125,6,5,121,121,65,Train/65/00065_00001_00013.png
126,125,12,11,116,115,65,Train/65/00065_00001_00014.png
126,125,13,12,115,114,65,Train/65/00065_00001_00015.png
126,125,8,6,125,120,65,Train/65/00065_00001_00016.png
126,125,15,14,113,112,65,Train/65/00065_00001_00017.png
126,125,8,7,120,114,65,Train/65/00065_00001_00018.png
126,125,13,12,115,114,65,Train/65/00065_00001_00019.png
211,232,16,8,193,226,65,Train/65/00065_00002_00000.png
211,232,72,231,211,232,65,Train/65/00065_00002_00000.png
211,232,20,11,187,223,65,Train/65/00065_00002_00001.png
211,232,18,10,190,224,65,Train/65/00065_00002_00002.png
211,232,19,10,189,224,65,Train/65/00065_00002_00003.png
211,232,37,22,171,212,65,Train/65/00065_00002_00004.png
211,232,21,11,187,223,65,Train/65/00065_00002_00005.png
211,232,26,14,179,222,65,Train/65/00065_00002_00006.png
211,232,15,8,193,226,65,Train/65/00065_00002_00007.png
211,232,0,230,136,232,65,Train/65/00065_00002_00007.png
211,232,32,19,176,215,65,Train/65/00065_00002_00008.png
211,232,21,12,187,223,65,Train/65/00065_00002_00009.png
211,232,37,22,171,212,65,Train/65/00065_00002_00010.png
211,232,14,3,196,232,65,Train/65/00065_00002_00011.png
211,232,31,13,198,224,65,Train/65/00065_00002_00012.png
211,232,24,13,184,221,65,Train/65/00065_00002_00013.png
211,232,27,15,181,219,65,Train/65/00065_00002_00014.png
211,232,37,22,171,212,65,Train/65/00065_00002_00015.png
211,232,18,10,191,225,65,Train/65/00065_00002_00016.png
211,232,28,7,192,222,65,Train/65/00065_00002_00017.png
211,232,17,2,195,231,65,Train/65/00065_00002_00018.png
211,232,37,22,171,212,65,Train/65/00065_00002_00019.png
122,107,14,15,108,98,65,Train/65/00065_00003_00000.png
122,107,14,15,108,98,65,Train/65/00065_00003_00001.png
122,107,10,12,111,101,65,Train/65/00065_00003_00002.png
122,107,6,5,117,107,65,Train/65/00065_00003_00003.png
122,107,29,103,122,107,65,Train/65/00065_00003_00003.png
122,107,14,15,108,98,65,Train/65/00065_00003_00004.png
122,107,11,12,111,101,65,Train/65/00065_00003_00005.png
122,107,10,10,116,104,65,Train/65/00065_00003_00006.png
122,107,12,15,113,107,65,Train/65/00065_00003_00007.png
122,107,14,15,108,98,65,Train/65/00065_00003_00008.png
122,107,9,11,111,102,65,Train/65/00065_00003_00009.png
122,107,14,15,108,98,65,Train/65/00065_00003_00010.png
122,107,7,13,120,102,65,Train/65/00065_00003_00011.png
122,107,14,15,108,98,65,Train/65/00065_00003_00012.png
122,107,7,8,113,105,65,Train/65/00065_00003_00013.png
122,107,12,14,110,99,65,Train/65/00065_00003_00014.png
122,107,13,4,122,105,65,Train/65/00065_00003_00015.png
122,107,14,15,108,98,65,Train/65/00065_00003_00016.png
122,107,0,3,122,107,65,Train/65/00065_00003_00017.png
122,107,0,0,122,107,65,Train/65/00065_00003_00018.png
122,107,14,15,108,98,65,Train/65/00065_00003_00019.png
164,152,0,0,140,3,65,Train/65/00065_00004_00000.png
164,152,9,0,159,145,65,Train/65/00065_00004_00000.png
164,152,18,5,151,138,65,Train/65/00065_00004_00001.png
164,152,18,5,151,138,65,Train/65/00065_00004_00002.png
164,152,31,0,164,4,65,Train/65/00065_00004_00003.png
164,152,1,0,164,152,65,Train/65/00065_00004_00003.png
164,152,18,5,151,138,65,Train/65/00065_00004_00004.png
164,152,33,0,164,7,65,Train/65/00065_00004_00005.png
164,152,8,0,162,149,65,Train/65/00065_00004_00005.png
164,152,17,5,152,138,65,Train/65/00065_00004_00006.png
164,152,0,0,135,7,65,Train/65/00065_00004_00007.png
164,152,6,0,162,148,65,Train/65/00065_00004_00007.png
164,152,161,0,164,119,65,Train/65/00065_00004_00007.png
164,152,36,151,164,152,65,Train/65/00065_00004_00007.png
164,152,18,5,151,138,65,Train/65/00065_00004_00008.png
164,152,34,0,164,7,65,Train/65/00065_00004_00009.png
164,152,2,0,164,152,65,Train/65/00065_00004_00009.png
164,152,15,2,155,141,65,Train/65/00065_00004_00010.png
164,152,0,0,140,2,65,Train/65/00065_00004_00011.png
164,152,9,0,159,145,65,Train/65/00065_00004_00011.png
164,152,0,0,139,0,65,Train/65/00065_00004_00012.png
164,152,0,0,164,152,65,Train/65/00065_00004_00012.png
164,152,18,5,151,138,65,Train/65/00065_00004_00013.png
164,152,18,5,151,138,65,Train/65/00065_00004_00014.png
164,152,18,5,151,138,65,Train/65/00065_00004_00015.png
164,152,13,2,162,149,65,Train/65/00065_00004_00016.png
164,152,4,0,164,151,65,Train/65/00065_00004_00017.png
164,152,27,0,164,2,65,Train/65/00065_00004_00018.png
164,152,11,0,159,145,65,Train/65/00065_00004_00018.png
164,152,18,5,151,138,65,Train/65/00065_00004_00019.png
285,280,39,48,243,229,66,Train/66/00066_00000_00000.png
285,280,39,48,243,229,66,Train/66/00066_00000_00001.png
285,280,41,37,264,272,66,Train/66/00066_00000_00002.png
285,280,39,48,243,229,66,Train/66/00066_00000_00003.png
285,280,35,44,247,233,66,Train/66/00066_00000_00004.png
285,280,27,34,255,243,66,Train/66/00066_00000_00005.png
285,280,22,27,261,249,66,Train/66/00066_00000_00006.png
285,280,39,48,243,229,66,Train/66/00066_00000_00007.png
285,280,35,39,251,247,66,Train/66/00066_00000_00008.png
285,280,32,40,250,237,66,Train/66/00066_00000_00009.png
285,280,36,45,245,232,66,Train/66/00066_00000_00010.png
285,280,24,32,257,246,66,Train/66/00066_00000_00011.png
285,280,15,28,285,276,66,Train/66/00066_00000_00012.png
285,280,39,48,243,229,66,Train/66/00066_00000_00013.png
285,280,32,40,250,237,66,Train/66/00066_00000_00014.png
285,280,26,33,256,244,66,Train/66/00066_00000_00015.png
285,280,37,45,245,231,66,Train/66/00066_00000_00016.png
285,280,21,27,261,250,66,Train/66/00066_00000_00017.png
285,280,39,48,243,229,66,Train/66/00066_00000_00018.png
285,280,33,34,270,242,66,Train/66/00066_00000_00019.png
247,234,24,36,215,208,66,Train/66/00066_00001_00000.png
247,234,30,42,210,202,66,Train/66/00066_00001_00001.png
247,234,15,31,229,234,66,Train/66/00066_00001_00002.png
247,234,30,42,210,202,66,Train/66/00066_00001_00003.png
247,234,23,34,218,212,66,Train/66/00066_00001_00004.png
247,234,18,28,220,215,66,Train/66/00066_00001_00005.png
247,234,30,42,210,202,66,Train/66/00066_00001_00006.png
247,234,30,42,210,202,66,Train/66/00066_00001_00007.png
247,234,6,22,247,234,66,Train/66/00066_00001_00008.png
247,234,30,42,210,202,66,Train/66/00066_00001_00009.png
247,234,16,25,227,221,66,Train/66/00066_00001_00010.png
247,234,30,42,210,202,66,Train/66/00066_00001_00011.png
247,234,18,27,225,219,66,Train/66/00066_00001_00012.png
247,234,19,40,220,208,66,Train/66/00066_00001_00013.png
247,234,22,30,233,207,66,Train/66/00066_00001_00014.png
247,234,19,30,219,213,66,Train/66/00066_00001_00015.png
247,234,25,29,229,227,66,Train/66/00066_00001_00016.png
247,234,26,40,218,219,66,Train/66/00066_00001_00017.png
247,234,16,25,227,221,66,Train/66/00066_00001_00018.png
247,234,30,42,210,202,66,Train/66/00066_00001_00019.png
295,274,33,3,276,214,66,Train/66/00066_00002_00000.png
295,274,0,0,239,26,66,Train/66/00066_00002_00001.png
295,274,5,0,290,238,66,Train/66/00066_00002_00001.png
295,274,278,0,295,173,66,Train/66/00066_00002_00001.png
295,274,33,3,276,214,66,Train/66/00066_00002_00002.png
295,274,33,3,276,214,66,Train/66/00066_00002_00003.png
295,274,33,3,276,214,66,Train/66/00066_00002_00004.png
295,274,33,3,276,214,66,Train/66/00066_00002_00005.png
295,274,19,0,270,0,66,Train/66/00066_00002_00006.png
295,274,28,0,279,218,66,Train/66/00066_00002_00006.png
295,274,19,0,270,0,66,Train/66/00066_00002_00007.png
295,274,28,0,279,218,66,Train/66/00066_00002_00007.png
295,274,64,0,295,24,66,Train/66/00066_00002_00008.png
295,274,20,0,295,238,66,Train/66/00066_00002_00008.png
295,274,24,0,295,246,66,Train/66/00066_00002_00009.png
295,274,51,0,295,12,66,Train/66/00066_00002_00010.png
295,274,25,0,290,228,66,Train/66/00066_00002_00010.png
295,274,55,0,295,16,66,Train/66/00066_00002_00011.png
295,274,23,0,294,232,66,Train/66/00066_00002_00011.png
295,274,33,3,276,214,66,Train/66/00066_00002_00012.png
295,274,33,3,276,214,66,Train/66/00066_00002_00013.png
295,274,27,0,293,228,66,Train/66/00066_00002_00014.png
295,274,0,0,246,20,66,Train/66/00066_00002_00015.png
295,274,10,0,288,234,66,Train/66/00066_00002_00015.png
295,274,285,0,295,180,66,Train/66/00066_00002_00015.png
295,274,18,0,295,233,66,Train/66/00066_00002_00016.png
295,274,33,3,276,214,66,Train/66/00066_00002_00017.png
295,274,43,0,295,4,66,Train/66/00066_00002_00018.png
295,274,29,0,284,222,66,Train/66/00066_00002_00018.png
295,274,0,0,247,19,66,Train/66/00066_00002_00019.png
295,274,11,0,288,233,66,Train/66/00066_00002_00019.png
295,274,286,0,295,182,66,Train/66/00066_00002_00019.png
164,168,7,0,164,168,66,Train/66/00066_00003_00000.png
164,168,19,22,164,168,66,Train/66/00066_00003_00001.png
164,168,20,21,156,148,66,Train/66/00066_00003_00002.png
164,168,20,21,156,148,66,Train/66/00066_00003_00003.png
164,168,5,3,164,168,66,Train/66/00066_00003_00004.png
164,168,7,12,164,167,66,Train/66/00066_00003_00005.png
164,168,21,10,164,154,66,Train/66/00066_00003_00006.png
164,168,20,21,156,148,66,Train/66/00066_00003_00007.png
164,168,12,19,164,168,66,Train/66/00066_00003_00008.png
164,168,16,17,162,161,66,Train/66/00066_00003_00009.png
164,168,15,7,164,168,66,Train/66/00066_00003_00010.png
164,168,20,21,156,148,66,Train/66/00066_00003_00011.png
164,168,13,12,163,154,66,Train/66/00066_00003_00012.png
164,168,163,0,164,137,66,Train/66/00066_00003_00012.png
164,168,20,21,156,148,66,Train/66/00066_00003_00013.png
164,168,20,21,156,148,66,Train/66/00066_00003_00014.png
164,168,20,21,156,148,66,Train/66/00066_00003_00015.png
164,168,16,17,164,168,66,Train/66/00066_00003_00016.png
164,168,15,14,162,153,66,Train/66/00066_00003_00017.png
164,168,20,21,156,148,66,Train/66/00066_00003_00018.png
164,168,20,21,156,148,66,Train/66/00066_00003_00019.png
258,250,14,18,243,210,66,Train/66/00066_00004_00000.png
258,250,19,16,242,207,66,Train/66/00066_00004_00001.png
258,250,0,0,258,250,66,Train/66/00066_00004_00002.png
258,250,26,26,232,197,66,Train/66/00066_00004_00003.png
258,250,22,20,238,203,66,Train/66/00066_00004_00004.png
258,250,26,26,232,197,66,Train/66/00066_00004_00005.png
258,250,21,19,238,203,66,Train/66/00066_00004_00006.png
258,250,19,17,243,222,66,Train/66/00066_00004_00007.png
258,250,26,26,232,197,66,Train/66/00066_00004_00008.png
258,250,11,0,258,214,66,Train/66/00066_00004_00009.png
258,250,26,26,232,197,66,Train/66/00066_00004_00010.png
258,250,26,26,232,197,66,Train/66/00066_00004_00011.png
258,250,24,22,241,206,66,Train/66/00066_00004_00012.png
258,250,19,22,249,241,66,Train/66/00066_00004_00013.png
258,250,20,13,258,217,66,Train/66/00066_00004_00014.png
258,250,9,8,244,215,66,Train/66/00066_00004_00015.png
258,250,26,26,232,197,66,Train/66/00066_00004_00016.png
258,250,18,14,244,209,66,Train/66/00066_00004_00017.png
258,250,18,5,258,218,66,Train/66/00066_00004_00018.png
258,250,21,17,258,209,66,Train/66/00066_00004_00019.png
462,364,60,24,458,361,66,Train/66/00066_00005_00000.png
462,364,40,21,460,364,66,Train/66/00066_00005_00001.png
462,364,69,48,431,337,66,Train/66/00066_00005_00002.png
462,364,53,14,462,364,66,Train/66/00066_00005_00003.png
462,364,48,42,462,364,66,Train/66/00066_00005_00004.png
462,364,69,48,431,337,66,Train/66/00066_00005_00005.png
462,364,38,40,462,364,66,Train/66/00066_00005_00006.png
462,364,66,45,434,340,66,Train/66/00066_00005_00007.png
462,364,69,48,431,337,66,Train/66/00066_00005_00008.png
462,364,30,27,462,364,66,Train/66/00066_00005_00009.png
462,364,69,48,431,337,66,Train/66/00066_00005_00010.png
462,364,33,16,462,364,66,Train/66/00066_00005_00011.png
462,364,69,48,431,337,66,Train/66/00066_00005_00012.png
462,364,5,0,462,364,66,Train/66/00066_00005_00013.png
462,364,69,48,431,337,66,Train/66/00066_00005_00014.png
462,364,27,0,462,364,66,Train/66/00066_00005_00015.png
462,364,69,48,431,337,66,Train/66/00066_00005_00016.png
462,364,41,2,462,364,66,Train/66/00066_00005_00017.png
462,364,450,0,462,267,66,Train/66/00066_00005_00017.png
462,364,126,334,462,364,66,Train/66/00066_00005_00017.png
462,364,69,48,431,337,66,Train/66/00066_00005_00018.png
462,364,45,10,459,364,66,Train/66/00066_00005_00019.png
462,364,458,0,462,280,66,Train/66/00066_00005_00019.png
462,364,115,344,462,364,66,Train/66/00066_00005_00019.png
237,208,45,22,215,180,67,Train/67/00067_00000_00000.png
237,208,30,6,215,189,67,Train/67/00067_00000_00001.png
237,208,44,19,205,179,67,Train/67/00067_00000_00002.png
237,208,48,24,199,173,67,Train/67/00067_00000_00003.png
237,208,48,24,199,173,67,Train/67/00067_00000_00004.png
237,208,32,13,226,198,67,Train/67/00067_00000_00005.png
237,208,47,13,231,180,67,Train/67/00067_00000_00006.png
237,208,35,11,211,185,67,Train/67/00067_00000_00007.png
237,208,48,24,199,173,67,Train/67/00067_00000_00008.png
237,208,43,16,220,202,67,Train/67/00067_00000_00009.png
237,208,48,24,199,173,67,Train/67/00067_00000_00010.png
237,208,48,24,199,173,67,Train/67/00067_00000_00011.png
237,208,38,14,211,185,67,Train/67/00067_00000_00012.png
237,208,31,2,232,204,67,Train/67/00067_00000_00013.png
237,208,48,24,199,173,67,Train/67/00067_00000_00014.png
237,208,48,24,199,173,67,Train/67/00067_00000_00015.png
237,208,48,24,199,173,67,Train/67/00067_00000_00016.png
237,208,48,24,199,173,67,Train/67/00067_00000_00017.png
237,208,48,24,200,174,67,Train/67/00067_00000_00018.png
237,208,44,20,203,177,67,Train/67/00067_00000_00019.png
255,229,29,10,204,184,67,Train/67/00067_00001_00000.png
255,229,24,7,207,188,67,Train/67/00067_00001_00001.png
255,229,29,10,204,184,67,Train/67/00067_00001_00002.png
255,229,21,5,209,191,67,Train/67/00067_00001_00003.png
255,229,0,0,182,8,67,Train/67/00067_00001_00004.png
255,229,12,0,215,200,67,Train/67/00067_00001_00004.png
255,229,0,0,176,13,67,Train/67/00067_00001_00005.png
255,229,8,0,218,204,67,Train/67/00067_00001_00005.png
255,229,12,5,234,206,67,Train/67/00067_00001_00006.png
255,229,24,7,207,188,67,Train/67/00067_00001_00007.png
255,229,7,0,213,184,67,Train/67/00067_00001_00008.png
255,229,23,2,213,190,67,Train/67/00067_00001_00009.png
255,229,26,6,208,187,67,Train/67/00067_00001_00010.png
255,229,0,0,183,7,67,Train/67/00067_00001_00011.png
255,229,13,0,215,199,67,Train/67/00067_00001_00011.png
255,229,60,0,255,0,67,Train/67/00067_00001_00012.png
255,229,6,0,255,220,67,Train/67/00067_00001_00012.png
255,229,21,0,216,193,67,Train/67/00067_00001_00013.png
255,229,2,0,241,228,67,Train/67/00067_00001_00014.png
255,229,29,10,204,184,67,Train/67/00067_00001_00015.png
255,229,12,0,255,196,67,Train/67/00067_00001_00016.png
255,229,28,0,228,190,67,Train/67/00067_00001_00017.png
255,229,29,10,204,184,67,Train/67/00067_00001_00018.png
255,229,29,10,204,184,67,Train/67/00067_00001_00019.png
218,177,9,5,196,177,67,Train/67/00067_00002_00000.png
218,177,0,165,175,177,67,Train/67/00067_00002_00000.png
218,177,17,13,190,177,67,Train/67/00067_00002_00001.png
218,177,11,174,184,177,67,Train/67/00067_00002_00001.png
218,177,15,7,207,177,67,Train/67/00067_00002_00002.png
218,177,19,16,187,176,67,Train/67/00067_00002_00003.png
218,177,19,16,187,176,67,Train/67/00067_00002_00004.png
218,177,0,0,218,177,67,Train/67/00067_00002_00005.png
218,177,0,168,178,177,67,Train/67/00067_00002_00005.png
218,177,0,0,168,0,67,Train/67/00067_00002_00006.png
218,177,8,3,201,177,67,Train/67/00067_00002_00006.png
218,177,36,162,218,177,67,Train/67/00067_00002_00006.png
218,177,42,0,218,1,67,Train/67/00067_00002_00007.png
218,177,4,0,200,177,67,Train/67/00067_00002_00007.png
218,177,0,158,168,177,67,Train/67/00067_00002_00007.png
218,177,46,0,218,5,67,Train/67/00067_00002_00008.png
218,177,0,0,0,143,67,Train/67/00067_00002_00008.png
218,177,1,0,202,177,67,Train/67/00067_00002_00008.png
218,177,0,154,164,177,67,Train/67/00067_00002_00008.png
218,177,8,6,205,177,67,Train/67/00067_00002_00009.png
218,177,0,4,218,177,67,Train/67/00067_00002_00010.png
218,177,0,0,168,1,67,Train/67/00067_00002_00011.png
218,177,8,3,202,177,67,Train/67/00067_00002_00011.png
218,177,37,162,218,177,67,Train/67/00067_00002_00011.png
218,177,19,16,187,176,67,Train/67/00067_00002_00012.png
218,177,2,12,218,177,67,Train/67/00067_00002_00013.png
218,177,6,2,198,177,67,Train/67/00067_00002_00014.png
218,177,0,161,172,177,67,Train/67/00067_00002_00014.png
218,177,0,0,211,177,67,Train/67/00067_00002_00015.png
218,177,19,16,187,176,67,Train/67/00067_00002_00016.png
218,177,0,0,159,9,67,Train/67/00067_00002_00017.png
218,177,0,50,6,177,67,Train/67/00067_00002_00017.png
218,177,4,0,207,177,67,Train/67/00067_00002_00017.png
218,177,45,155,218,177,67,Train/67/00067_00002_00017.png
218,177,10,5,199,177,67,Train/67/00067_00002_00018.png
218,177,33,165,218,177,67,Train/67/00067_00002_00018.png
218,177,18,14,189,177,67,Train/67/00067_00002_00019.png
218,177,21,176,192,177,67,Train/67/00067_00002_00019.png
392,364,75,32,329,282,67,Train/67/00067_00003_00000.png
392,364,80,37,322,276,67,Train/67/00067_00003_00001.png
392,364,79,36,323,277,67,Train/67/00067_00003_00002.png
392,364,76,14,364,294,67,Train/67/00067_00003_00003.png
392,364,60,20,334,292,67,Train/67/00067_00003_00004.png
392,364,68,33,362,312,67,Train/67/00067_00003_00005.png
392,364,80,37,322,276,67,Train/67/00067_00003_00006.png
392,364,80,37,322,276,67,Train/67/00067_00003_00007.png
392,364,59,7,377,307,67,Train/67/00067_00003_00008.png
392,364,40,21,373,320,67,Train/67/00067_00003_00009.png
392,364,53,12,358,289,67,Train/67/00067_00003_00010.png
392,364,137,0,392,0,67,Train/67/00067_00003_00011.png
392,364,60,12,354,305,67,Train/67/00067_00003_00011.png
392,364,80,37,322,276,67,Train/67/00067_00003_00012.png
392,364,78,35,325,278,67,Train/67/00067_00003_00013.png
392,364,66,11,317,307,67,Train/67/00067_00003_00014.png
392,364,65,18,346,297,67,Train/67/00067_00003_00015.png
392,364,80,37,322,276,67,Train/67/00067_00003_00016.png
392,364,80,37,322,276,67,Train/67/00067_00003_00017.png
392,364,80,37,322,276,67,Train/67/00067_00003_00018.png
392,364,80,37,322,276,67,Train/67/00067_00003_00019.png
329,305,32,9,301,282,68,Train/68/00068_00000_00000.png
329,305,22,2,322,305,68,Train/68/00068_00000_00001.png
329,305,52,0,329,6,68,Train/68/00068_00000_00002.png
329,305,18,0,317,297,68,Train/68/00068_00000_00002.png
329,305,24,1,310,290,68,Train/68/00068_00000_00003.png
329,305,0,0,278,9,68,Train/68/00068_00000_00004.png
329,305,14,0,317,298,68,Train/68/00068_00000_00004.png
329,305,32,9,301,282,68,Train/68/00068_00000_00005.png
329,305,29,0,329,305,68,Train/68/00068_00000_00006.png
329,305,32,9,301,282,68,Train/68/00068_00000_00007.png
329,305,32,9,301,282,68,Train/68/00068_00000_00008.png
329,305,55,0,329,9,68,Train/68/00068_00000_00009.png
329,305,16,0,319,299,68,Train/68/00068_00000_00009.png
329,305,32,9,301,282,68,Train/68/00068_00000_00010.png
329,305,32,9,301,282,68,Train/68/00068_00000_00011.png
329,305,51,0,329,6,68,Train/68/00068_00000_00012.png
329,305,19,0,316,296,68,Train/68/00068_00000_00012.png
329,305,62,0,329,15,68,Train/68/00068_00000_00013.png
329,305,12,0,323,303,68,Train/68/00068_00000_00013.png
329,305,0,302,270,305,68,Train/68/00068_00000_00013.png
329,305,32,9,301,282,68,Train/68/00068_00000_00014.png
329,305,77,0,329,29,68,Train/68/00068_00000_00015.png
329,305,0,0,9,228,68,Train/68/00068_00000_00015.png
329,305,4,0,329,305,68,Train/68/00068_00000_00015.png
329,305,317,62,329,305,68,Train/68/00068_00000_00015.png
329,305,0,289,253,305,68,Train/68/00068_00000_00015.png
329,305,32,9,301,282,68,Train/68/00068_00000_00016.png
329,305,32,9,301,282,68,Train/68/00068_00000_00017.png
329,305,70,0,329,22,68,Train/68/00068_00000_00018.png
329,305,0,0,1,237,68,Train/68/00068_00000_00018.png
329,305,8,0,328,305,68,Train/68/00068_00000_00018.png
329,305,324,53,329,305,68,Train/68/00068_00000_00018.png
329,305,0,295,261,305,68,Train/68/00068_00000_00018.png
329,305,32,9,301,282,68,Train/68/00068_00000_00019.png
288,311,27,30,251,284,68,Train/68/00068_00001_00000.png
288,311,27,30,251,284,68,Train/68/00068_00001_00001.png
288,311,9,14,269,299,68,Train/68/00068_00001_00002.png
288,311,0,0,203,3,68,Train/68/00068_00001_00003.png
288,311,0,75,8,311,68,Train/68/00068_00001_00003.png
288,311,0,7,279,308,68,Train/68/00068_00001_00003.png
288,311,74,306,288,311,68,Train/68/00068_00001_00003.png
288,311,27,30,251,284,68,Train/68/00068_00001_00004.png
288,311,27,30,251,284,68,Train/68/00068_00001_00005.png
288,311,2,18,274,311,68,Train/68/00068_00001_00006.png
288,311,5,18,271,310,68,Train/68/00068_00001_00007.png
288,311,0,0,3,244,68,Train/68/00068_00001_00008.png
288,311,2,8,275,304,68,Train/68/00068_00001_00008.png
288,311,0,308,210,311,68,Train/68/00068_00001_00008.png
288,311,15,19,263,294,68,Train/68/00068_00001_00009.png
288,311,19,20,266,302,68,Train/68/00068_00001_00010.png
288,311,27,30,251,284,68,Train/68/00068_00001_00011.png
288,311,27,30,251,284,68,Train/68/00068_00001_00012.png
288,311,8,24,288,311,68,Train/68/00068_00001_00013.png
288,311,0,0,288,311,68,Train/68/00068_00001_00014.png
288,311,8,12,285,309,68,Train/68/00068_00001_00015.png
288,311,20,14,287,311,68,Train/68/00068_00001_00016.png
288,311,27,30,251,284,68,Train/68/00068_00001_00017.png
288,311,27,30,251,284,68,Train/68/00068_00001_00018.png
288,311,12,15,271,311,68,Train/68/00068_00001_00019.png
508,470,69,9,508,470,68,Train/68/00068_00002_00000.png
508,470,81,32,485,440,68,Train/68/00068_00002_00001.png
508,470,0,0,418,13,68,Train/68/00068_00002_00002.png
508,470,39,0,508,470,68,Train/68/00068_00002_00002.png
508,470,477,0,508,372,68,Train/68/00068_00002_00002.png
508,470,145,439,508,470,68,Train/68/00068_00002_00002.png
508,470,74,27,491,447,68,Train/68/00068_00002_00003.png
508,470,72,23,494,448,68,Train/68/00068_00002_00004.png
508,470,71,27,508,470,68,Train/68/00068_00002_00005.png
508,470,71,0,508,470,68,Train/68/00068_00002_00006.png
508,470,81,32,485,440,68,Train/68/00068_00002_00007.png
508,470,81,32,485,440,68,Train/68/00068_00002_00008.png
508,470,81,32,485,440,68,Train/68/00068_00002_00009.png
508,470,81,32,485,440,68,Train/68/00068_00002_00010.png
508,470,81,32,485,440,68,Train/68/00068_00002_00011.png
508,470,72,25,494,450,68,Train/68/00068_00002_00012.png
508,470,81,32,485,440,68,Train/68/00068_00002_00013.png
508,470,151,0,508,31,68,Train/68/00068_00002_00014.png
508,470,36,0,508,470,68,Train/68/00068_00002_00014.png
508,470,471,105,508,470,68,Train/68/00068_00002_00014.png
508,470,0,449,414,470,68,Train/68/00068_00002_00014.png
508,470,81,32,485,440,68,Train/68/00068_00002_00015.png
508,470,63,18,502,460,68,Train/68/00068_00002_00016.png
508,470,64,19,501,459,68,Train/68/00068_00002_00017.png
508,470,81,32,485,440,68,Train/68/00068_00002_00018.png
508,470,81,32,485,440,68,Train/68/00068_00002_00019.png
197,180,24,21,167,159,68,Train/68/00068_00003_00000.png
197,180,23,20,168,161,68,Train/68/00068_00003_00001.png
197,180,23,20,167,160,68,Train/68/00068_00003_00002.png
197,180,24,21,167,159,68,Train/68/00068_00003_00003.png
197,180,12,8,179,173,68,Train/68/00068_00003_00004.png
197,180,7,18,179,180,68,Train/68/00068_00003_00005.png
197,180,24,21,167,159,68,Train/68/00068_00003_00006.png
197,180,14,9,185,173,68,Train/68/00068_00003_00007.png
197,180,23,20,168,161,68,Train/68/00068_00003_00008.png
197,180,14,11,177,171,68,Train/68/00068_00003_00009.png
197,180,24,21,167,159,68,Train/68/00068_00003_00010.png
197,180,16,11,188,169,68,Train/68/00068_00003_00011.png
197,180,15,12,175,168,68,Train/68/00068_00003_00012.png
197,180,2,2,190,180,68,Train/68/00068_00003_00013.png
197,180,17,14,173,167,68,Train/68/00068_00003_00014.png
197,180,10,6,182,175,68,Train/68/00068_00003_00015.png
197,180,24,21,167,159,68,Train/68/00068_00003_00016.png
197,180,24,21,167,159,68,Train/68/00068_00003_00017.png
197,180,21,18,169,162,68,Train/68/00068_00003_00018.png
197,180,8,12,197,180,68,Train/68/00068_00003_00019.png
341,337,9,19,330,337,68,Train/68/00068_00004_00000.png
341,337,14,30,314,327,68,Train/68/00068_00004_00001.png
341,337,14,30,314,327,68,Train/68/00068_00004_00002.png
341,337,0,0,276,0,68,Train/68/00068_00004_00003.png
341,337,0,65,16,337,68,Train/68/00068_00004_00003.png
341,337,0,6,340,337,68,Train/68/00068_00004_00003.png
341,337,339,0,341,289,68,Train/68/00068_00004_00003.png
341,337,48,318,341,337,68,Train/68/00068_00004_00003.png
341,337,5,21,341,337,68,Train/68/00068_00004_00004.png
341,337,0,58,10,337,68,Train/68/00068_00004_00005.png
341,337,0,10,336,337,68,Train/68/00068_00004_00005.png
341,337,42,323,341,337,68,Train/68/00068_00004_00005.png
341,337,0,0,5,301,68,Train/68/00068_00004_00006.png
341,337,0,10,331,337,68,Train/68/00068_00004_00006.png
341,337,0,324,289,337,68,Train/68/00068_00004_00006.png
341,337,60,0,341,5,68,Train/68/00068_00004_00007.png
341,337,0,0,19,284,68,Train/68/00068_00004_00007.png
341,337,0,0,340,337,68,Train/68/00068_00004_00007.png
341,337,329,75,341,337,68,Train/68/00068_00004_00007.png
341,337,0,309,273,337,68,Train/68/00068_00004_00007.png
341,337,69,0,341,12,68,Train/68/00068_00004_00008.png
341,337,0,0,26,275,68,Train/68/00068_00004_00008.png
341,337,0,0,341,337,68,Train/68/00068_00004_00008.png
341,337,321,84,341,337,68,Train/68/00068_00004_00008.png
341,337,0,301,265,337,68,Train/68/00068_00004_00008.png
341,337,0,59,17,337,68,Train/68/00068_00004_00009.png
341,337,0,0,341,337,68,Train/68/00068_00004_00009.png
341,337,52,336,341,337,68,Train/68/00068_00004_00009.png
341,337,0,55,7,337,68,Train/68/00068_00004_00010.png
341,337,0,12,333,337,68,Train/68/00068_00004_00010.png
341,337,39,326,341,337,68,Train/68/00068_00004_00010.png
341,337,68,0,341,11,68,Train/68/00068_00004_00011.png
341,337,0,0,25,276,68,Train/68/00068_00004_00011.png
341,337,0,0,341,337,68,Train/68/00068_00004_00011.png
341,337,322,83,341,337,68,Train/68/00068_00004_00011.png
341,337,0,302,265,337,68,Train/68/00068_00004_00011.png
341,337,0,0,5,301,68,Train/68/00068_00004_00012.png
341,337,0,10,331,337,68,Train/68/00068_00004_00012.png
341,337,0,323,289,337,68,Train/68/00068_00004_00012.png
341,337,0,63,14,337,68,Train/68/00068_00004_00013.png
341,337,0,7,339,337,68,Train/68/00068_00004_00013.png
341,337,46,320,341,337,68,Train/68/00068_00004_00013.png
341,337,14,30,314,327,68,Train/68/00068_00004_00014.png
341,337,0,0,13,290,68,Train/68/00068_00004_00015.png
341,337,0,3,337,337,68,Train/68/00068_00004_00015.png
341,337,334,68,341,337,68,Train/68/00068_00004_00015.png
341,337,0,314,279,337,68,Train/68/00068_00004_00015.png
341,337,14,30,314,327,68,Train/68/00068_00004_00016.png
341,337,0,0,277,4,68,Train/68/00068_00004_00017.png
341,337,0,74,28,337,68,Train/68/00068_00004_00017.png
341,337,0,0,341,337,68,Train/68/00068_00004_00017.png
341,337,61,326,341,337,68,Train/68/00068_00004_00017.png
341,337,3,18,327,337,68,Train/68/00068_00004_00018.png
341,337,30,333,341,337,68,Train/68/00068_00004_00018.png
341,337,14,30,314,327,68,Train/68/00068_00004_00019.png
143,138,20,15,116,112,68,Train/68/00068_00005_00000.png
143,138,20,15,116,112,68,Train/68/00068_00005_00001.png
143,138,20,15,116,112,68,Train/68/00068_00005_00002.png
143,138,19,1,129,124,68,Train/68/00068_00005_00003.png
143,138,20,14,116,112,68,Train/68/00068_00005_00004.png
143,138,13,9,121,118,68,Train/68/00068_00005_00005.png
143,138,20,15,116,112,68,Train/68/00068_00005_00006.png
143,138,20,15,116,112,68,Train/68/00068_00005_00007.png
143,138,20,15,116,112,68,Train/68/00068_00005_00008.png
143,138,15,8,123,117,68,Train/68/00068_00005_00009.png
143,138,14,10,121,117,68,Train/68/00068_00005_00010.png
143,138,20,15,116,112,68,Train/68/00068_00005_00011.png
143,138,0,0,92,0,68,Train/68/00068_00005_00012.png
143,138,8,5,125,123,68,Train/68/00068_00005_00012.png
143,138,7,7,127,128,68,Train/68/00068_00005_00013.png
143,138,15,8,123,118,68,Train/68/00068_00005_00014.png
143,138,5,0,139,134,68,Train/68/00068_00005_00015.png
143,138,20,15,116,112,68,Train/68/00068_00005_00016.png
143,138,20,15,116,112,68,Train/68/00068_00005_00017.png
143,138,20,15,116,112,68,Train/68/00068_00005_00018.png
143,138,20,15,116,112,68,Train/68/00068_00005_00019.png
134,129,31,0,134,5,68,Train/68/00068_00006_00000.png
134,129,4,0,132,124,68,Train/68/00068_00006_00000.png
134,129,14,8,121,114,68,Train/68/00068_00006_00001.png
134,129,0,0,106,3,68,Train/68/00068_00006_00002.png
134,129,4,0,129,123,68,Train/68/00068_00006_00002.png
134,129,0,0,103,5,68,Train/68/00068_00006_00003.png
134,129,2,0,131,124,68,Train/68/00068_00006_00003.png
134,129,131,0,134,94,68,Train/68/00068_00006_00003.png
134,129,11,5,124,116,68,Train/68/00068_00006_00004.png
134,129,14,8,121,114,68,Train/68/00068_00006_00005.png
134,129,4,0,133,129,68,Train/68/00068_00006_00006.png
134,129,0,0,126,127,68,Train/68/00068_00006_00007.png
134,129,14,8,121,114,68,Train/68/00068_00006_00008.png
134,129,8,2,127,119,68,Train/68/00068_00006_00009.png
134,129,14,3,128,121,68,Train/68/00068_00006_00010.png
134,129,14,8,121,114,68,Train/68/00068_00006_00011.png
134,129,31,0,134,2,68,Train/68/00068_00006_00012.png
134,129,0,0,134,129,68,Train/68/00068_00006_00012.png
134,129,14,8,121,114,68,Train/68/00068_00006_00013.png
134,129,8,1,128,120,68,Train/68/00068_00006_00014.png
134,129,1,3,129,123,68,Train/68/00068_00006_00015.png
134,129,9,5,133,121,68,Train/68/00068_00006_00016.png
134,129,0,0,104,5,68,Train/68/00068_00006_00017.png
134,129,0,0,134,129,68,Train/68/00068_00006_00017.png
134,129,13,4,125,118,68,Train/68/00068_00006_00018.png
134,129,10,4,125,118,68,Train/68/00068_00006_00019.png
202,179,24,6,185,159,68,Train/68/00068_00007_00000.png
202,179,42,0,202,11,68,Train/68/00068_00007_00001.png
202,179,5,0,202,179,68,Train/68/00068_00007_00001.png
202,179,36,0,202,3,68,Train/68/00068_00007_00002.png
202,179,12,0,202,179,68,Train/68/00068_00007_00002.png
202,179,17,0,202,179,68,Train/68/00068_00007_00003.png
202,179,0,0,173,3,68,Train/68/00068_00007_00004.png
202,179,15,0,193,167,68,Train/68/00068_00007_00004.png
202,179,0,0,174,3,68,Train/68/00068_00007_00005.png
202,179,9,0,199,179,68,Train/68/00068_00007_00005.png
202,179,18,0,188,176,68,Train/68/00068_00007_00006.png
202,179,22,3,188,161,68,Train/68/00068_00007_00007.png
202,179,50,0,202,17,68,Train/68/00068_00007_00008.png
202,179,9,0,202,178,68,Train/68/00068_00007_00008.png
202,179,197,38,202,179,68,Train/68/00068_00007_00008.png
202,179,0,176,155,179,68,Train/68/00068_00007_00008.png
202,179,5,0,202,179,68,Train/68/00068_00007_00009.png
202,179,0,0,172,3,68,Train/68/00068_00007_00010.png
202,179,14,0,193,168,68,Train/68/00068_00007_00010.png
202,179,9,2,191,162,68,Train/68/00068_00007_00011.png
202,179,0,0,169,6,68,Train/68/00068_00007_00012.png
202,179,12,0,195,170,68,Train/68/00068_00007_00012.png
202,179,44,0,202,12,68,Train/68/00068_00007_00013.png
202,179,12,0,200,174,68,Train/68/00068_00007_00013.png
202,179,24,6,185,159,68,Train/68/00068_00007_00014.png
202,179,24,6,185,159,68,Train/68/00068_00007_00015.png
202,179,33,0,202,1,68,Train/68/00068_00007_00016.png
202,179,18,0,192,166,68,Train/68/00068_00007_00016.png
202,179,24,6,185,159,68,Train/68/00068_00007_00017.png
202,179,24,6,185,159,68,Train/68/00068_00007_00018.png
202,179,48,0,202,14,68,Train/68/00068_00007_00019.png
202,179,10,0,201,176,68,Train/68/00068_00007_00019.png
202,179,199,34,202,179,68,Train/68/00068_00007_00019.png
202,179,0,178,158,179,68,Train/68/00068_00007_00019.png
201,186,8,0,201,186,69,Train/69/00069_00000_00000.png
201,186,15,20,186,175,69,Train/69/00069_00000_00001.png
201,186,0,0,201,186,69,Train/69/00069_00000_00002.png
201,186,7,11,194,184,69,Train/69/00069_00000_00003.png
201,186,0,46,4,186,69,Train/69/00069_00000_00004.png
201,186,2,4,201,186,69,Train/69/00069_00000_00004.png
201,186,198,0,201,149,69,Train/69/00069_00000_00004.png
201,186,38,176,201,186,69,Train/69/00069_00000_00004.png
201,186,0,6,201,186,69,Train/69/00069_00000_00005.png
201,186,15,20,186,175,69,Train/69/00069_00000_00006.png
201,186,0,3,201,186,69,Train/69/00069_00000_00007.png
201,186,14,19,186,176,69,Train/69/00069_00000_00008.png
201,186,15,20,186,175,69,Train/69/00069_00000_00009.png
201,186,14,20,186,176,69,Train/69/00069_00000_00010.png
201,186,6,12,193,184,69,Train/69/00069_00000_00011.png
201,186,0,0,1,150,69,Train/69/00069_00000_00012.png
201,186,0,4,198,186,69,Train/69/00069_00000_00012.png
201,186,196,45,201,186,69,Train/69/00069_00000_00012.png
201,186,0,177,163,186,69,Train/69/00069_00000_00012.png
201,186,13,15,198,186,69,Train/69/00069_00000_00013.png
201,186,15,20,186,175,69,Train/69/00069_00000_00014.png
201,186,0,0,0,151,69,Train/69/00069_00000_00015.png
201,186,0,5,198,186,69,Train/69/00069_00000_00015.png
201,186,197,44,201,186,69,Train/69/00069_00000_00015.png
201,186,0,178,164,186,69,Train/69/00069_00000_00015.png
201,186,0,0,0,154,69,Train/69/00069_00000_00016.png
201,186,0,0,201,186,69,Train/69/00069_00000_00016.png
201,186,5,14,201,186,69,Train/69/00069_00000_00017.png
201,186,4,9,194,186,69,Train/69/00069_00000_00018.png
201,186,0,184,171,186,69,Train/69/00069_00000_00018.png
201,186,0,10,201,186,69,Train/69/00069_00000_00019.png
246,210,0,0,246,210,69,Train/69/00069_00001_00000.png
246,210,0,0,199,5,69,Train/69/00069_00001_00001.png
246,210,2,0,243,210,69,Train/69/00069_00001_00001.png
246,210,22,17,222,186,69,Train/69/00069_00001_00002.png
246,210,12,6,230,197,69,Train/69/00069_00001_00003.png
246,210,18,13,225,190,69,Train/69/00069_00001_00004.png
246,210,45,0,246,2,69,Train/69/00069_00001_00005.png
246,210,9,0,236,202,69,Train/69/00069_00001_00005.png
246,210,21,15,222,187,69,Train/69/00069_00001_00006.png
246,210,22,17,222,186,69,Train/69/00069_00001_00007.png
246,210,16,10,228,193,69,Train/69/00069_00001_00008.png
246,210,22,17,222,186,69,Train/69/00069_00001_00009.png
246,210,7,10,241,198,69,Train/69/00069_00001_00010.png
246,210,0,0,198,3,69,Train/69/00069_00001_00011.png
246,210,7,0,235,203,69,Train/69/00069_00001_00011.png
246,210,3,0,244,200,69,Train/69/00069_00001_00012.png
246,210,0,0,196,4,69,Train/69/00069_00001_00013.png
246,210,7,0,235,204,69,Train/69/00069_00001_00013.png
246,210,11,4,230,204,69,Train/69/00069_00001_00014.png
246,210,22,17,222,186,69,Train/69/00069_00001_00015.png
246,210,0,0,194,6,69,Train/69/00069_00001_00016.png
246,210,6,0,236,205,69,Train/69/00069_00001_00016.png
246,210,22,17,222,186,69,Train/69/00069_00001_00017.png
246,210,4,5,246,210,69,Train/69/00069_00001_00018.png
246,210,0,0,189,10,69,Train/69/00069_00001_00019.png
246,210,0,54,1,210,69,Train/69/00069_00001_00019.png
246,210,3,0,238,208,69,Train/69/00069_00001_00019.png
246,210,244,0,246,148,69,Train/69/00069_00001_00019.png
246,210,55,205,246,210,69,Train/69/00069_00001_00019.png
114,114,13,13,101,94,69,Train/69/00069_00002_00000.png
114,114,11,8,114,100,69,Train/69/00069_00002_00001.png
114,114,14,15,100,92,69,Train/69/00069_00002_00002.png
114,114,13,11,113,114,69,Train/69/00069_00002_00003.png
114,114,7,7,106,100,69,Train/69/00069_00002_00004.png
114,114,10,10,104,97,69,Train/69/00069_00002_00005.png
114,114,10,11,103,96,69,Train/69/00069_00002_00006.png
114,114,13,14,112,99,69,Train/69/00069_00002_00007.png
114,114,8,8,106,99,69,Train/69/00069_00002_00008.png
114,114,13,13,101,94,69,Train/69/00069_00002_00009.png
114,114,15,7,114,95,69,Train/69/00069_00002_00010.png
114,114,10,8,110,102,69,Train/69/00069_00002_00011.png
114,114,14,15,100,92,69,Train/69/00069_00002_00012.png
114,114,14,14,100,93,69,Train/69/00069_00002_00013.png
114,114,14,15,100,92,69,Train/69/00069_00002_00014.png
114,114,3,0,114,114,69,Train/69/00069_00002_00015.png
114,114,14,15,100,92,69,Train/69/00069_00002_00016.png
114,114,14,15,100,92,69,Train/69/00069_00002_00017.png
114,114,14,15,100,92,69,Train/69/00069_00002_00018.png
114,114,14,15,100,92,69,Train/69/00069_00002_00019.png
94,97,19,0,94,9,69,Train/69/00069_00003_00000.png
94,97,0,0,3,57,69,Train/69/00069_00003_00000.png
94,97,0,0,94,82,69,Train/69/00069_00003_00000.png
94,97,2,0,94,81,69,Train/69/00069_00003_00001.png
94,97,6,1,89,73,69,Train/69/00069_00003_00002.png
94,97,0,0,81,3,69,Train/69/00069_00003_00003.png
94,97,1,0,90,77,69,Train/69/00069_00003_00003.png
94,97,93,0,94,65,69,Train/69/00069_00003_00003.png
94,97,6,2,88,72,69,Train/69/00069_00003_00004.png
94,97,0,0,78,6,69,Train/69/00069_00003_00005.png
94,97,0,0,91,79,69,Train/69/00069_00003_00005.png
94,97,90,0,94,62,69,Train/69/00069_00003_00005.png
94,97,6,2,88,72,69,Train/69/00069_00003_00006.png
94,97,6,2,88,72,69,Train/69/00069_00003_00007.png
94,97,12,0,94,2,69,Train/69/00069_00003_00008.png
94,97,4,0,92,77,69,Train/69/00069_00003_00008.png
94,97,6,2,88,72,69,Train/69/00069_00003_00009.png
94,97,5,1,88,73,69,Train/69/00069_00003_00010.png
94,97,6,2,88,72,69,Train/69/00069_00003_00011.png
94,97,6,2,88,72,69,Train/69/00069_00003_00012.png
94,97,18,0,94,7,69,Train/69/00069_00003_00013.png
94,97,0,0,3,61,69,Train/69/00069_00003_00013.png
94,97,2,0,94,80,69,Train/69/00069_00003_00013.png
94,97,93,13,94,97,69,Train/69/00069_00003_00013.png
94,97,6,1,88,73,69,Train/69/00069_00003_00014.png
94,97,6,2,88,72,69,Train/69/00069_00003_00015.png
94,97,6,2,88,72,69,Train/69/00069_00003_00016.png
94,97,0,0,83,6,69,Train/69/00069_00003_00017.png
94,97,0,0,94,84,69,Train/69/00069_00003_00017.png
94,97,0,0,76,7,69,Train/69/00069_00003_00018.png
94,97,0,0,92,80,69,Train/69/00069_00003_00018.png
94,97,89,0,94,61,69,Train/69/00069_00003_00018.png
94,97,0,0,94,83,69,Train/69/00069_00003_00019.png
